quest,quests
campaign,campaigns
fantasy,fantasies
world,worlds
hero,heroes
wanderer,wanderers
lark,larks
exploration,explorations
escapade,escapades
expedition,expeditions
open world,open worlds
character,characters
growth,growths
narrative,narratives
lore,lores
death,deaths
danger,dangers
precision,precisions
level,levels
enemy,enemies
boss,bosses
obstacle,obstacles
completionist,completionists
collectathon,collectathons
fear,fears
terror,terrors
atrocity,atrocities
fright,frights
heart,hearts
love,loves
heck,hecks
flesh,fleshes
blood,bloods
bone,bones
innard,innards
disgust,disgusts
bloodlust,bloodlusts
randomization,randomizations
run,runs
generation,generations
piece,pieces
key,keys
solution,solutions
conundrum,conundrums
confoundment,confoundments
mystery,mysteries
secret,secrets
enigma,enigmas
society,societies
community,communities
conspiracy,conspiracies
sandbox,sandboxes
existence,existences
hunger,hungers
strategy,strategies
mana,manas
card,cards
deck,decks
number,numbers
experience,experiences
foot,feet
victim,victims
Ability,Abilities
Adult,Adults
Afternoon,Afternoons
Apple,Apples
Baby,Babies
Back,Backs
Beer,Beers
Bedroom,Bedrooms
Birthday,Birthdays
Box,Boxes
Cabinet,Cabinets
Candy,Candies
Candle,Candles
Chest,Chests
Childhood,Childhoods
Cigarette,Cigarettes
Clock,Clocks
Comfort,Comforts
Computer,Computers
Crew,Crews
Dad,Dads
Database,Databases
Day,Days
Debt,Debts
Description,Descriptions
Devil,Devils
Demon,Demons
Dish,Dishes
Doctor,Doctors
Desk,Desks
Dog,Dogs
Duty,Duties
Ear,Ears
Earth,Earths
Egg,Eggs
Effort,Efforts
Eye,Eyes
Face,Faces
Fact,Facts
Father,Fathers
Fault,Faults
Feature,Features
Figure,Figures
Film,Films
Food,Foods
Fruit,Fruits
Funeral,Funerals
Game,Games
Gear,Gears
Grocery,Groceries
Guitar,Guitars
Habit,Habits
Hand,Hands
Hat,Hats
Ham,Hams
Hearing,Hearings
Homework,Homeworks
Honey,Honeys
Hour,Hours
Hotel,Hotels
Human,Humans
Husband,Husbands
Ice,Ices
Industry,Industries
Inspector,Inspectors
Iron,Irons
Island,Islands
Item,Items
Job,Jobs
Judgement,Judgements
Joke,Jokes
Key,Keys
King,Kings
Kiss,Kisses
Kitchen,Kitchens
Knife,Knives
Knowledge,Knowledges
Ladder,Ladders
Lawyer,Lawyers
Lecture,Lectures
Leg,Legs
Letter,Letters
Library,Libraries
Limit,Limits
Level,Levels
Love,Loves
Loss,Losses
Map,Maps
Machine,Machines
Magazine,Magazines
Master,Masters
Mess,Messes
Message,Messages
Massage,Massages
Milk,Milks
Mom,Moms
Monitor,Monitors
Muscle,Muscles
Music,Musics
Nail,Nails
Name,Names
Network,Networks
Neck,Necks
Negative,Negatives
Negotiation,Negotiations
Night,Nights
Nobody,Nobodies
Novel,Novels
Number,Numbers
Nurse,Nurses
Object,Objects
Objective,Objectives
Oil,Oils
Outside,Outsides
Oven,Ovens
Pace,Paces
Pass,Passes
Pear,Pears
Passion,Passions
Peace,Peaces
Pattern,Patterns
Phase,Phases
Philosphy,Philosphies
Pie,Pies
Piece,Pieces
Player,Players
Pleasure,Pleasures
Policy,Policies
Potato,Potatoes
Proof,Proofs
Push,Pushes
Quality,Qualities
Quantity,Quantities
Queen,Queens
Question,Questions
Quote,Quotes
Radio,Radios
Relative,Relatives
Relationship,Relationships
Rent,Rents
Resort,Resorts
Respect,Respects
Result,Results
Ring,Rings
Room,Rooms
Routine,Routines
Sample,Samples
Sand,Sands
Sandwich,Sandwiches
Gnocchi,Gnocchis
Hot-Sauce,Hot-Sauces
Salt,Salts
Scene,Scenes
Scale,Scales
Science,Sciences
Sea,Seas
Signal,Signals
Skirt,Skirts
Smell,Smells
Solution,Solutions
Song,songs
strife,strifes
Table,Tables
Tennis,Tennises
Throat,Throats
Toe,Toes
Tone,Tones
Tradition,Traditions
Traffic,Traffics
Tree,Trees
Uncle,Uncles
Understanding,Understandings
Vacation,Vacation
Video,Video
Volume,Volumes
Window,Windows
Wine,Wines
Writer,Writers
Yarn,Yarns
Yoyo,Yoyos
Youth,Youths
Yoga,Yogas
Zebra,Zebras
Zucchini,Zucchinis