aboard,none
about,none
above,none
across,none
after,none
against,none
along,none
amid,none
among,none
around,none
as,none
at,none
before,none
behind,none
below,none
beneath,none
beside,none
between,none
beyond,none
but,none
by,none
concerning,none
considering,none
despite,none
down,none
during,none
except,none
except,none
following,none
for,none
from,none
in,none
inside,none
into,none
like,none
minus,none
near,none
next,none
of,none
off,none
on,none
onto,none
opposite,none
out,none
outside,none
over,none
past,none
per,none
plus,none
regarding,none
round,none
save,none
since,none
than,none
through,none
to,none
toward,none
under,none
underneath,none
unlike,none
until,none
up,none
upon,none
versus,none
via,none
with,none
within,none
without,none